agent_name,size,dirt_rate,seed,repetition,initial_dirt,final_dirt,cells_cleaned,actions_taken,performance,success,is_finished,runtime_sec,recording
random,2x2,0.1,111,1,0,0,0,0,0.0,True,True,0.305,game_2025-08-25_17-42-35_julianfernandezrandomagent.json
simple_reflex,2x2,0.1,111,1,0,0,0,0,0.0,True,True,0.302,game_2025-08-25_17-42-35_julianfernandezrandomagent.json
random,2x2,0.1,222,1,0,0,0,0,0.0,True,True,0.303,game_2025-08-25_17-42-35_julianfernandezrandomagent.json
simple_reflex,2x2,0.1,222,1,0,0,0,0,0.0,True,True,0.302,game_2025-08-25_17-42-36_julianfernandezrandomagent.json
random,2x2,0.1,333,1,0,0,0,0,0.0,True,True,0.304,game_2025-08-25_17-42-36_julianfernandezrandomagent.json
simple_reflex,2x2,0.1,333,1,0,0,0,0,0.0,True,True,0.303,game_2025-08-25_17-42-36_julianfernandezrandomagent.json
random,2x2,0.1,444,1,0,0,0,0,0.0,True,True,0.303,game_2025-08-25_17-42-37_julianfernandezrandomagent.json
simple_reflex,2x2,0.1,444,1,0,0,0,0,0.0,True,True,0.305,game_2025-08-25_17-42-37_julianfernandezrandomagent.json
random,2x2,0.1,555,1,0,0,0,0,0.0,True,True,0.303,game_2025-08-25_17-42-37_julianfernandezrandomagent.json
simple_reflex,2x2,0.1,555,1,0,0,0,0,0.0,True,True,0.303,game_2025-08-25_17-42-38_julianfernandezrandomagent.json
random,2x2,0.1,666,1,0,0,0,0,0.0,True,True,0.301,game_2025-08-25_17-42-38_julianfernandezrandomagent.json
simple_reflex,2x2,0.1,666,1,0,0,0,0,0.0,True,True,0.303,game_2025-08-25_17-42-38_julianfernandezrandomagent.json
random,2x2,0.1,777,1,0,0,0,0,0.0,True,True,0.303,game_2025-08-25_17-42-38_julianfernandezrandomagent.json
simple_reflex,2x2,0.1,777,1,0,0,0,0,0.0,True,True,0.303,game_2025-08-25_17-42-39_julianfernandezrandomagent.json
random,2x2,0.1,888,1,0,0,0,0,0.0,True,True,0.308,game_2025-08-25_17-42-39_julianfernandezrandomagent.json
simple_reflex,2x2,0.1,888,1,0,0,0,0,0.0,True,True,0.302,game_2025-08-25_17-42-39_julianfernandezrandomagent.json
random,2x2,0.1,999,1,0,0,0,0,0.0,True,True,0.318,game_2025-08-25_17-42-40_julianfernandezrandomagent.json
simple_reflex,2x2,0.1,999,1,0,0,0,0,0.0,True,True,0.303,game_2025-08-25_17-42-40_julianfernandezrandomagent.json
random,2x2,0.1,0,1,0,0,0,0,0.0,True,True,0.304,game_2025-08-25_17-42-40_julianfernandezrandomagent.json
simple_reflex,2x2,0.1,0,1,0,0,0,0,0.0,True,True,0.302,game_2025-08-25_17-42-41_julianfernandezrandomagent.json
random,2x2,0.2,111,1,0,0,0,0,0.0,True,True,0.302,game_2025-08-25_17-42-41_julianfernandezrandomagent.json
simple_reflex,2x2,0.2,111,1,0,0,0,0,0.0,True,True,0.303,game_2025-08-25_17-42-41_julianfernandezrandomagent.json
random,2x2,0.2,222,1,0,0,0,0,0.0,True,True,0.306,game_2025-08-25_17-42-41_julianfernandezrandomagent.json
simple_reflex,2x2,0.2,222,1,0,0,0,0,0.0,True,True,0.301,game_2025-08-25_17-42-42_julianfernandezrandomagent.json
random,2x2,0.2,333,1,0,0,0,0,0.0,True,True,0.308,game_2025-08-25_17-42-42_julianfernandezrandomagent.json
simple_reflex,2x2,0.2,333,1,0,0,0,0,0.0,True,True,0.301,game_2025-08-25_17-42-42_julianfernandezrandomagent.json
random,2x2,0.2,444,1,0,0,0,0,0.0,True,True,0.305,game_2025-08-25_17-42-43_julianfernandezrandomagent.json
simple_reflex,2x2,0.2,444,1,0,0,0,0,0.0,True,True,0.305,game_2025-08-25_17-42-43_julianfernandezrandomagent.json
random,2x2,0.2,555,1,0,0,0,0,0.0,True,True,0.303,game_2025-08-25_17-42-43_julianfernandezrandomagent.json
simple_reflex,2x2,0.2,555,1,0,0,0,0,0.0,True,True,0.303,game_2025-08-25_17-42-44_julianfernandezrandomagent.json
random,2x2,0.2,666,1,0,0,0,0,0.0,True,True,0.318,game_2025-08-25_17-42-44_julianfernandezrandomagent.json
simple_reflex,2x2,0.2,666,1,0,0,0,0,0.0,True,True,0.319,game_2025-08-25_17-42-44_julianfernandezrandomagent.json
random,2x2,0.2,777,1,0,0,0,0,0.0,True,True,0.302,game_2025-08-25_17-42-45_julianfernandezrandomagent.json
simple_reflex,2x2,0.2,777,1,0,0,0,0,0.0,True,True,0.304,game_2025-08-25_17-42-45_julianfernandezrandomagent.json
random,2x2,0.2,888,1,0,0,0,0,0.0,True,True,0.304,game_2025-08-25_17-42-45_julianfernandezrandomagent.json
simple_reflex,2x2,0.2,888,1,0,0,0,0,0.0,True,True,0.306,game_2025-08-25_17-42-45_julianfernandezrandomagent.json
random,2x2,0.2,999,1,0,0,0,0,0.0,True,True,0.303,game_2025-08-25_17-42-46_julianfernandezrandomagent.json
simple_reflex,2x2,0.2,999,1,0,0,0,0,0.0,True,True,0.303,game_2025-08-25_17-42-46_julianfernandezrandomagent.json
random,2x2,0.2,0,1,0,0,0,0,0.0,True,True,0.303,game_2025-08-25_17-42-46_julianfernandezrandomagent.json
simple_reflex,2x2,0.2,0,1,0,0,0,0,0.0,True,True,0.303,game_2025-08-25_17-42-47_julianfernandezrandomagent.json
random,2x2,0.4,111,1,0,0,0,31,-0.31,True,True,0.507,game_2025-08-25_17-42-47_julianfernandezrandomagent.json
simple_reflex,2x2,0.4,111,1,0,0,0,1,-0.01,True,True,0.31,game_2025-08-25_17-42-48_julianfernandezrandomagent.json
random,2x2,0.4,222,1,0,0,0,76,-0.76,True,True,0.791,game_2025-08-25_17-42-48_julianfernandezrandomagent.json
simple_reflex,2x2,0.4,222,1,0,0,0,1,-0.01,True,True,0.309,game_2025-08-25_17-42-49_julianfernandezrandomagent.json
random,2x2,0.4,333,1,0,0,0,21,-0.21,True,True,0.459,game_2025-08-25_17-42-49_julianfernandezrandomagent.json
simple_reflex,2x2,0.4,333,1,0,0,0,4,-0.04,True,True,0.329,game_2025-08-25_17-42-49_julianfernandezrandomagent.json
random,2x2,0.4,444,1,0,0,0,10,-0.1,True,True,0.389,game_2025-08-25_17-42-50_julianfernandezrandomagent.json
simple_reflex,2x2,0.4,444,1,0,0,0,2,-0.02,True,True,0.316,game_2025-08-25_17-42-50_julianfernandezrandomagent.json
random,2x2,0.4,555,1,0,0,0,3,-0.03,True,True,0.323,game_2025-08-25_17-42-50_julianfernandezrandomagent.json
simple_reflex,2x2,0.4,555,1,0,0,0,1,-0.01,True,True,0.31,game_2025-08-25_17-42-51_julianfernandezrandomagent.json
random,2x2,0.4,666,1,0,0,0,15,-0.15,True,True,0.401,game_2025-08-25_17-42-51_julianfernandezrandomagent.json
simple_reflex,2x2,0.4,666,1,0,0,0,1,-0.01,True,True,0.31,game_2025-08-25_17-42-51_julianfernandezrandomagent.json
random,2x2,0.4,777,1,0,0,0,3,-0.03,True,True,0.323,game_2025-08-25_17-42-52_julianfernandezrandomagent.json
simple_reflex,2x2,0.4,777,1,0,0,0,1,-0.01,True,True,0.309,game_2025-08-25_17-42-52_julianfernandezrandomagent.json
random,2x2,0.4,888,1,0,0,0,30,-0.3,True,True,0.494,game_2025-08-25_17-42-53_julianfernandezrandomagent.json
simple_reflex,2x2,0.4,888,1,0,0,0,19,-0.19,True,True,0.427,game_2025-08-25_17-42-53_julianfernandezrandomagent.json
random,2x2,0.4,999,1,0,0,0,32,-0.32,True,True,0.513,game_2025-08-25_17-42-54_julianfernandezrandomagent.json
simple_reflex,2x2,0.4,999,1,0,0,0,5,-0.05,True,True,0.354,game_2025-08-25_17-42-54_julianfernandezrandomagent.json
random,2x2,0.4,0,1,0,0,0,40,-0.4,True,True,0.559,game_2025-08-25_17-42-54_julianfernandezrandomagent.json
simple_reflex,2x2,0.4,0,1,0,0,0,1,-0.01,True,True,0.312,game_2025-08-25_17-42-55_julianfernandezrandomagent.json
random,2x2,0.8,111,1,0,0,0,36,-0.36,True,True,0.532,game_2025-08-25_17-42-55_julianfernandezrandomagent.json
simple_reflex,2x2,0.8,111,1,0,0,0,23,-0.23,True,True,0.45,game_2025-08-25_17-42-56_julianfernandezrandomagent.json
random,2x2,0.8,222,1,0,0,0,76,-0.76,True,True,0.797,game_2025-08-25_17-42-57_julianfernandezrandomagent.json
simple_reflex,2x2,0.8,222,1,0,0,0,21,-0.21,True,True,0.433,game_2025-08-25_17-42-57_julianfernandezrandomagent.json
random,2x2,0.8,333,1,0,0,0,21,-0.21,True,True,0.439,game_2025-08-25_17-42-57_julianfernandezrandomagent.json
simple_reflex,2x2,0.8,333,1,0,0,0,13,-0.13,True,True,0.386,game_2025-08-25_17-42-58_julianfernandezrandomagent.json
random,2x2,0.8,444,1,0,0,0,77,-0.77,True,True,0.787,game_2025-08-25_17-42-59_julianfernandezrandomagent.json
simple_reflex,2x2,0.8,444,1,0,0,0,29,-0.29,True,True,0.505,game_2025-08-25_17-42-59_julianfernandezrandomagent.json
random,2x2,0.8,555,1,0,0,0,27,-0.27,True,True,0.478,game_2025-08-25_17-43-00_julianfernandezrandomagent.json
simple_reflex,2x2,0.8,555,1,0,0,0,10,-0.1,True,True,0.37,game_2025-08-25_17-43-00_julianfernandezrandomagent.json
random,2x2,0.8,666,1,0,0,0,66,-0.66,True,True,0.724,game_2025-08-25_17-43-01_julianfernandezrandomagent.json
simple_reflex,2x2,0.8,666,1,0,0,0,18,-0.18,True,True,0.419,game_2025-08-25_17-43-01_julianfernandezrandomagent.json
random,2x2,0.8,777,1,0,0,0,37,-0.37,True,True,0.546,game_2025-08-25_17-43-02_julianfernandezrandomagent.json
simple_reflex,2x2,0.8,777,1,0,0,0,11,-0.11,True,True,0.378,game_2025-08-25_17-43-02_julianfernandezrandomagent.json
random,2x2,0.8,888,1,0,0,0,30,-0.3,True,True,0.494,game_2025-08-25_17-43-03_julianfernandezrandomagent.json
simple_reflex,2x2,0.8,888,1,0,0,0,21,-0.21,True,True,0.442,game_2025-08-25_17-43-03_julianfernandezrandomagent.json
random,2x2,0.8,999,1,0,0,0,60,-0.6,True,True,0.691,game_2025-08-25_17-43-04_julianfernandezrandomagent.json
simple_reflex,2x2,0.8,999,1,0,0,0,14,-0.14,True,True,0.411,game_2025-08-25_17-43-04_julianfernandezrandomagent.json
random,2x2,0.8,0,1,0,0,0,40,-0.4,True,True,0.559,game_2025-08-25_17-43-05_julianfernandezrandomagent.json
simple_reflex,2x2,0.8,0,1,0,0,0,13,-0.13,True,True,0.397,game_2025-08-25_17-43-05_julianfernandezrandomagent.json
random,4x4,0.1,111,1,0,0,0,45,-0.45,True,True,0.596,game_2025-08-25_17-43-06_julianfernandezrandomagent.json
simple_reflex,4x4,0.1,111,1,0,0,0,1,-0.01,True,True,0.312,game_2025-08-25_17-43-06_julianfernandezrandomagent.json
random,4x4,0.1,222,1,0,0,0,53,-0.53,True,True,0.648,game_2025-08-25_17-43-07_julianfernandezrandomagent.json
simple_reflex,4x4,0.1,222,1,0,0,0,44,-0.44,True,True,0.59,game_2025-08-25_17-43-07_julianfernandezrandomagent.json
random,4x4,0.1,333,1,0,0,0,159,-1.59,True,True,1.311,game_2025-08-25_17-43-09_julianfernandezrandomagent.json
simple_reflex,4x4,0.1,333,1,0,0,0,2,-0.02,True,True,0.333,game_2025-08-25_17-43-09_julianfernandezrandomagent.json
random,4x4,0.1,444,1,0,0,0,17,-0.17,True,True,0.416,game_2025-08-25_17-43-09_julianfernandezrandomagent.json
simple_reflex,4x4,0.1,444,1,0,0,0,2,-0.02,True,True,0.318,game_2025-08-25_17-43-10_julianfernandezrandomagent.json
random,4x4,0.1,555,1,0,0,0,70,-0.7000000000000001,True,True,0.759,game_2025-08-25_17-43-10_julianfernandezrandomagent.json
simple_reflex,4x4,0.1,555,1,0,0,0,1,-0.01,True,True,0.309,game_2025-08-25_17-43-11_julianfernandezrandomagent.json
random,4x4,0.1,666,1,0,0,0,276,-2.7600000000000002,True,True,2.057,game_2025-08-25_17-43-13_julianfernandezrandomagent.json
simple_reflex,4x4,0.1,666,1,0,0,0,15,-0.15,True,True,0.419,game_2025-08-25_17-43-13_julianfernandezrandomagent.json
random,4x4,0.1,777,1,0,0,0,3,-0.03,True,True,0.326,game_2025-08-25_17-43-13_julianfernandezrandomagent.json
simple_reflex,4x4,0.1,777,1,0,0,0,1,-0.01,True,True,0.311,game_2025-08-25_17-43-14_julianfernandezrandomagent.json
random,4x4,0.1,888,1,0,0,0,132,-1.32,True,True,1.169,game_2025-08-25_17-43-15_julianfernandezrandomagent.json
simple_reflex,4x4,0.1,888,1,0,0,0,27,-0.27,True,True,0.477,game_2025-08-25_17-43-15_julianfernandezrandomagent.json
random,4x4,0.1,999,1,0,0,0,32,-0.32,True,True,0.51,game_2025-08-25_17-43-16_julianfernandezrandomagent.json
simple_reflex,4x4,0.1,999,1,0,0,0,5,-0.05,True,True,0.338,game_2025-08-25_17-43-16_julianfernandezrandomagent.json
random,4x4,0.1,0,1,0,0,0,188,-1.8800000000000001,True,True,1.498,game_2025-08-25_17-43-18_julianfernandezrandomagent.json
simple_reflex,4x4,0.1,0,1,0,0,0,46,-0.46,True,True,0.603,game_2025-08-25_17-43-18_julianfernandezrandomagent.json
random,4x4,0.2,111,1,0,0,0,226,-2.2600000000000002,True,True,1.737,game_2025-08-25_17-43-20_julianfernandezrandomagent.json
simple_reflex,4x4,0.2,111,1,0,0,0,38,-0.38,True,True,0.549,game_2025-08-25_17-43-21_julianfernandezrandomagent.json
random,4x4,0.2,222,1,0,0,0,276,-2.7600000000000002,True,True,2.086,game_2025-08-25_17-43-23_julianfernandezrandomagent.json
simple_reflex,4x4,0.2,222,1,0,0,0,46,-0.46,True,True,0.593,game_2025-08-25_17-43-23_julianfernandezrandomagent.json
random,4x4,0.2,333,1,0,0,0,159,-1.59,True,True,1.333,game_2025-08-25_17-43-25_julianfernandezrandomagent.json
simple_reflex,4x4,0.2,333,1,0,0,0,22,-0.22,True,True,0.454,game_2025-08-25_17-43-25_julianfernandezrandomagent.json
random,4x4,0.2,444,1,0,0,0,48,-0.48,True,True,0.611,game_2025-08-25_17-43-26_julianfernandezrandomagent.json
simple_reflex,4x4,0.2,444,1,0,0,0,32,-0.32,True,True,0.507,game_2025-08-25_17-43-26_julianfernandezrandomagent.json
random,4x4,0.2,555,1,0,0,0,70,-0.7000000000000001,True,True,0.749,game_2025-08-25_17-43-27_julianfernandezrandomagent.json
simple_reflex,4x4,0.2,555,1,0,0,0,42,-0.42,True,True,0.571,game_2025-08-25_17-43-28_julianfernandezrandomagent.json
random,4x4,0.2,666,1,0,0,0,629,-6.29,True,True,4.354,game_2025-08-25_17-43-32_julianfernandezrandomagent.json
simple_reflex,4x4,0.2,666,1,0,0,0,17,-0.17,True,True,0.416,game_2025-08-25_17-43-32_julianfernandezrandomagent.json
random,4x4,0.2,777,1,0,0,0,244,-2.44,True,True,1.883,game_2025-08-25_17-43-34_julianfernandezrandomagent.json
simple_reflex,4x4,0.2,777,1,0,0,0,152,-1.52,True,True,1.278,game_2025-08-25_17-43-36_julianfernandezrandomagent.json
random,4x4,0.2,888,1,0,0,0,132,-1.32,True,True,1.143,game_2025-08-25_17-43-37_julianfernandezrandomagent.json
simple_reflex,4x4,0.2,888,1,0,0,0,43,-0.43,True,True,0.581,game_2025-08-25_17-43-37_julianfernandezrandomagent.json
random,4x4,0.2,999,1,0,0,0,113,-1.1300000000000001,True,True,1.029,game_2025-08-25_17-43-38_julianfernandezrandomagent.json
simple_reflex,4x4,0.2,999,1,0,0,0,47,-0.47000000000000003,True,True,0.616,game_2025-08-25_17-43-39_julianfernandezrandomagent.json
random,4x4,0.2,0,1,0,0,0,285,-2.85,True,True,2.122,game_2025-08-25_17-43-41_julianfernandezrandomagent.json
simple_reflex,4x4,0.2,0,1,0,0,0,48,-0.48,True,True,0.619,game_2025-08-25_17-43-42_julianfernandezrandomagent.json
random,4x4,0.4,111,1,0,0,0,226,-2.2600000000000002,True,True,1.772,game_2025-08-25_17-43-43_julianfernandezrandomagent.json
simple_reflex,4x4,0.4,111,1,0,0,0,138,-1.3800000000000001,True,True,1.189,game_2025-08-25_17-43-45_julianfernandezrandomagent.json
random,4x4,0.4,222,1,0,0,0,423,-4.23,True,True,3.022,game_2025-08-25_17-43-48_julianfernandezrandomagent.json
simple_reflex,4x4,0.4,222,1,0,0,0,99,-0.99,True,True,0.932,game_2025-08-25_17-43-49_julianfernandezrandomagent.json
random,4x4,0.4,333,1,0,0,0,685,-6.8500000000000005,True,True,4.717,game_2025-08-25_17-43-53_julianfernandezrandomagent.json
simple_reflex,4x4,0.4,333,1,0,0,0,43,-0.43,True,True,0.578,game_2025-08-25_17-43-54_julianfernandezrandomagent.json
random,4x4,0.4,444,1,0,0,0,372,-3.72,True,True,2.713,game_2025-08-25_17-43-57_julianfernandezrandomagent.json
simple_reflex,4x4,0.4,444,1,0,0,0,54,-0.54,True,True,0.657,game_2025-08-25_17-43-57_julianfernandezrandomagent.json
random,4x4,0.4,555,1,0,0,0,334,-3.34,True,True,2.47,game_2025-08-25_17-44-00_julianfernandezrandomagent.json
simple_reflex,4x4,0.4,555,1,0,0,0,45,-0.45,True,True,0.602,game_2025-08-25_17-44-00_julianfernandezrandomagent.json
random,4x4,0.4,666,1,0,0,0,629,-6.29,True,True,4.388,game_2025-08-25_17-44-05_julianfernandezrandomagent.json
simple_reflex,4x4,0.4,666,1,0,0,0,23,-0.23,True,True,0.459,game_2025-08-25_17-44-05_julianfernandezrandomagent.json
random,4x4,0.4,777,1,0,0,0,244,-2.44,True,True,1.881,game_2025-08-25_17-44-07_julianfernandezrandomagent.json
simple_reflex,4x4,0.4,777,1,0,0,0,155,-1.55,True,True,1.286,game_2025-08-25_17-44-08_julianfernandezrandomagent.json
random,4x4,0.4,888,1,0,0,0,493,-4.93,True,True,3.452,game_2025-08-25_17-44-12_julianfernandezrandomagent.json
simple_reflex,4x4,0.4,888,1,0,0,0,204,-2.04,True,True,1.639,game_2025-08-25_17-44-14_julianfernandezrandomagent.json
random,4x4,0.4,999,1,0,0,0,117,-1.17,True,True,1.062,game_2025-08-25_17-44-15_julianfernandezrandomagent.json
simple_reflex,4x4,0.4,999,1,0,0,0,77,-0.77,True,True,0.807,game_2025-08-25_17-44-15_julianfernandezrandomagent.json
random,4x4,0.4,0,1,0,0,0,285,-2.85,True,True,2.163,game_2025-08-25_17-44-18_julianfernandezrandomagent.json
simple_reflex,4x4,0.4,0,1,0,0,0,51,-0.51,True,True,0.63,game_2025-08-25_17-44-18_julianfernandezrandomagent.json
random,4x4,0.8,111,1,0,0,0,226,-2.2600000000000002,True,True,1.762,game_2025-08-25_17-44-20_julianfernandezrandomagent.json
simple_reflex,4x4,0.8,111,1,0,0,0,144,-1.44,True,True,1.237,game_2025-08-25_17-44-21_julianfernandezrandomagent.json
random,4x4,0.8,222,1,0,0,0,423,-4.23,True,True,3.04,game_2025-08-25_17-44-24_julianfernandezrandomagent.json
simple_reflex,4x4,0.8,222,1,0,0,0,105,-1.05,True,True,0.992,game_2025-08-25_17-44-25_julianfernandezrandomagent.json
random,4x4,0.8,333,1,0,0,0,685,-6.8500000000000005,True,True,4.67,game_2025-08-25_17-44-30_julianfernandezrandomagent.json
simple_reflex,4x4,0.8,333,1,0,0,0,195,-1.95,True,True,1.545,game_2025-08-25_17-44-32_julianfernandezrandomagent.json
random,4x4,0.8,444,1,0,0,0,378,-3.7800000000000002,True,True,2.763,game_2025-08-25_17-44-34_julianfernandezrandomagent.json
simple_reflex,4x4,0.8,444,1,0,0,0,68,-0.68,True,True,0.741,game_2025-08-25_17-44-35_julianfernandezrandomagent.json
random,4x4,0.8,555,1,0,0,0,503,-5.03,True,True,3.533,game_2025-08-25_17-44-39_julianfernandezrandomagent.json
simple_reflex,4x4,0.8,555,1,0,0,0,124,-1.24,True,True,1.101,game_2025-08-25_17-44-40_julianfernandezrandomagent.json
random,4x4,0.8,666,1,0,0,0,629,-6.29,True,True,4.361,game_2025-08-25_17-44-44_julianfernandezrandomagent.json
simple_reflex,4x4,0.8,666,1,0,0,0,49,-0.49,True,True,0.622,game_2025-08-25_17-44-45_julianfernandezrandomagent.json
random,4x4,0.8,777,1,0,0,0,617,-6.17,True,True,8.756,game_2025-08-25_17-44-53_julianfernandezrandomagent.json
simple_reflex,4x4,0.8,777,1,0,0,0,161,-1.61,True,True,1.631,game_2025-08-25_17-44-55_julianfernandezrandomagent.json
random,4x4,0.8,888,1,0,0,0,493,-4.93,True,True,3.462,game_2025-08-25_17-44-59_julianfernandezrandomagent.json
simple_reflex,4x4,0.8,888,1,0,0,0,210,-2.1,True,True,1.656,game_2025-08-25_17-45-00_julianfernandezrandomagent.json
random,4x4,0.8,999,1,0,0,0,1000,-10.0,True,True,6.768,game_2025-08-25_17-45-07_julianfernandezrandomagent.json
simple_reflex,4x4,0.8,999,1,0,0,0,83,-0.8300000000000001,True,True,0.846,game_2025-08-25_17-45-08_julianfernandezrandomagent.json
random,4x4,0.8,0,1,0,0,0,420,-4.2,True,True,2.998,game_2025-08-25_17-45-11_julianfernandezrandomagent.json
simple_reflex,4x4,0.8,0,1,0,0,0,187,-1.87,True,True,1.52,game_2025-08-25_17-45-12_julianfernandezrandomagent.json
random,8x8,0.1,111,1,0,0,0,1000,-10.0,True,True,6.905,game_2025-08-25_17-45-19_julianfernandezrandomagent.json
simple_reflex,8x8,0.1,111,1,0,0,0,239,-2.39,True,True,1.887,game_2025-08-25_17-45-21_julianfernandezrandomagent.json
random,8x8,0.1,222,1,0,0,0,1000,-10.0,True,True,6.875,game_2025-08-25_17-45-28_julianfernandezrandomagent.json
simple_reflex,8x8,0.1,222,1,0,0,0,278,-2.7800000000000002,True,True,2.118,game_2025-08-25_17-45-30_julianfernandezrandomagent.json
random,8x8,0.1,333,1,0,0,0,1000,-10.0,True,True,6.775,game_2025-08-25_17-45-37_julianfernandezrandomagent.json
simple_reflex,8x8,0.1,333,1,0,0,0,195,-1.95,True,True,1.577,game_2025-08-25_17-45-39_julianfernandezrandomagent.json
random,8x8,0.1,444,1,0,0,0,1000,-10.0,True,True,6.805,game_2025-08-25_17-45-45_julianfernandezrandomagent.json
simple_reflex,8x8,0.1,444,1,0,0,0,401,-4.01,True,True,2.895,game_2025-08-25_17-45-48_julianfernandezrandomagent.json
random,8x8,0.1,555,1,0,0,0,1000,-10.0,True,True,19.574,game_2025-08-25_17-46-08_julianfernandezrandomagent.json
simple_reflex,8x8,0.1,555,1,0,0,0,589,-5.89,True,True,16.297,game_2025-08-25_17-46-24_julianfernandezrandomagent.json
random,8x8,0.1,666,1,0,0,0,1000,-10.0,True,True,8.35,game_2025-08-25_17-46-33_julianfernandezrandomagent.json
simple_reflex,8x8,0.1,666,1,0,0,0,210,-2.1,True,True,1.685,game_2025-08-25_17-46-34_julianfernandezrandomagent.json
random,8x8,0.1,777,1,0,0,0,1000,-10.0,True,True,6.908,game_2025-08-25_17-46-41_julianfernandezrandomagent.json
simple_reflex,8x8,0.1,777,1,0,0,0,309,-3.09,True,True,2.325,game_2025-08-25_17-46-44_julianfernandezrandomagent.json
random,8x8,0.1,888,1,0,0,0,762,-7.62,True,True,5.324,game_2025-08-25_17-46-49_julianfernandezrandomagent.json
simple_reflex,8x8,0.1,888,1,0,0,0,425,-4.25,True,True,3.122,game_2025-08-25_17-46-52_julianfernandezrandomagent.json
random,8x8,0.1,999,1,0,0,0,1000,-10.0,True,True,6.829,game_2025-08-25_17-46-59_julianfernandezrandomagent.json
simple_reflex,8x8,0.1,999,1,0,0,0,863,-8.63,True,True,6.019,game_2025-08-25_17-47-05_julianfernandezrandomagent.json
random,8x8,0.1,0,1,0,0,0,636,-6.36,True,True,4.465,game_2025-08-25_17-47-10_julianfernandezrandomagent.json
simple_reflex,8x8,0.1,0,1,0,0,0,394,-3.94,True,True,2.907,game_2025-08-25_17-47-13_julianfernandezrandomagent.json
random,8x8,0.2,111,1,0,0,0,1000,-10.0,True,True,6.823,game_2025-08-25_17-47-19_julianfernandezrandomagent.json
simple_reflex,8x8,0.2,111,1,0,0,0,368,-3.68,True,True,2.706,game_2025-08-25_17-47-22_julianfernandezrandomagent.json
random,8x8,0.2,222,1,0,0,0,1000,-10.0,True,True,6.841,game_2025-08-25_17-47-29_julianfernandezrandomagent.json
simple_reflex,8x8,0.2,222,1,0,0,0,369,-3.69,True,True,2.719,game_2025-08-25_17-47-32_julianfernandezrandomagent.json
random,8x8,0.2,333,1,0,0,0,1000,-10.0,True,True,6.779,game_2025-08-25_17-47-38_julianfernandezrandomagent.json
simple_reflex,8x8,0.2,333,1,0,0,0,319,-3.19,True,True,2.364,game_2025-08-25_17-47-41_julianfernandezrandomagent.json
random,8x8,0.2,444,1,0,0,0,1000,-10.0,True,True,8.621,game_2025-08-25_17-47-50_julianfernandezrandomagent.json
simple_reflex,8x8,0.2,444,1,0,0,0,407,-4.07,True,True,5.319,game_2025-08-25_17-47-55_julianfernandezrandomagent.json
random,8x8,0.2,555,1,0,0,0,1000,-10.0,True,True,6.786,game_2025-08-25_17-48-02_julianfernandezrandomagent.json
simple_reflex,8x8,0.2,555,1,0,0,0,598,-5.98,True,True,4.266,game_2025-08-25_17-48-06_julianfernandezrandomagent.json
random,8x8,0.2,666,1,0,0,0,1000,-10.0,True,True,6.854,game_2025-08-25_17-48-13_julianfernandezrandomagent.json
simple_reflex,8x8,0.2,666,1,0,0,0,323,-3.23,True,True,2.449,game_2025-08-25_17-48-15_julianfernandezrandomagent.json
random,8x8,0.2,777,1,0,0,0,1000,-10.0,True,True,6.879,game_2025-08-25_17-48-22_julianfernandezrandomagent.json
simple_reflex,8x8,0.2,777,1,0,0,0,315,-3.15,True,True,2.371,game_2025-08-25_17-48-25_julianfernandezrandomagent.json
random,8x8,0.2,888,1,0,0,0,1000,-10.0,True,True,6.829,game_2025-08-25_17-48-32_julianfernandezrandomagent.json
simple_reflex,8x8,0.2,888,1,0,0,0,463,-4.63,True,True,3.352,game_2025-08-25_17-48-35_julianfernandezrandomagent.json
random,8x8,0.2,999,1,0,0,0,1000,-10.0,True,True,6.832,game_2025-08-25_17-48-42_julianfernandezrandomagent.json
simple_reflex,8x8,0.2,999,1,0,0,0,869,-8.69,True,True,5.981,game_2025-08-25_17-48-48_julianfernandezrandomagent.json
random,8x8,0.2,0,1,0,0,0,1000,-10.0,True,True,6.792,game_2025-08-25_17-48-55_julianfernandezrandomagent.json
simple_reflex,8x8,0.2,0,1,0,0,0,400,-4.0,True,True,2.923,game_2025-08-25_17-48-58_julianfernandezrandomagent.json
random,8x8,0.4,111,1,0,0,0,1000,-10.0,True,True,6.895,game_2025-08-25_17-49-04_julianfernandezrandomagent.json
simple_reflex,8x8,0.4,111,1,0,0,0,577,-5.7700000000000005,True,True,4.14,game_2025-08-25_17-49-09_julianfernandezrandomagent.json
random,8x8,0.4,222,1,0,0,0,1000,-10.0,True,True,6.932,game_2025-08-25_17-49-16_julianfernandezrandomagent.json
simple_reflex,8x8,0.4,222,1,0,0,0,382,-3.8200000000000003,True,True,2.851,game_2025-08-25_17-49-19_julianfernandezrandomagent.json
random,8x8,0.4,333,1,0,0,0,1000,-10.0,True,True,6.891,game_2025-08-25_17-49-25_julianfernandezrandomagent.json
simple_reflex,8x8,0.4,333,1,0,0,0,1000,-10.0,True,True,6.904,game_2025-08-25_17-49-32_julianfernandezrandomagent.json
random,8x8,0.4,444,1,0,0,0,1000,-10.0,True,True,6.913,game_2025-08-25_17-49-39_julianfernandezrandomagent.json
simple_reflex,8x8,0.4,444,1,0,0,0,554,-5.54,True,True,3.949,game_2025-08-25_17-49-43_julianfernandezrandomagent.json
random,8x8,0.4,555,1,0,0,0,1000,-10.0,True,True,6.876,game_2025-08-25_17-49-50_julianfernandezrandomagent.json
simple_reflex,8x8,0.4,555,1,0,0,0,627,-6.2700000000000005,True,True,4.445,game_2025-08-25_17-49-55_julianfernandezrandomagent.json
random,8x8,0.4,666,1,0,0,0,1000,-10.0,True,True,6.935,game_2025-08-25_17-50-02_julianfernandezrandomagent.json
simple_reflex,8x8,0.4,666,1,0,0,0,336,-3.36,True,True,2.542,game_2025-08-25_17-50-04_julianfernandezrandomagent.json
random,8x8,0.4,777,1,0,0,0,1000,-10.0,True,True,6.929,game_2025-08-25_17-50-11_julianfernandezrandomagent.json
simple_reflex,8x8,0.4,777,1,0,0,0,558,-5.58,True,True,3.947,game_2025-08-25_17-50-15_julianfernandezrandomagent.json
random,8x8,0.4,888,1,0,0,0,1000,-10.0,True,True,6.949,game_2025-08-25_17-50-22_julianfernandezrandomagent.json
simple_reflex,8x8,0.4,888,1,0,0,0,476,-4.76,True,True,3.438,game_2025-08-25_17-50-26_julianfernandezrandomagent.json
random,8x8,0.4,999,1,0,0,0,1000,-10.0,True,True,6.899,game_2025-08-25_17-50-33_julianfernandezrandomagent.json
simple_reflex,8x8,0.4,999,1,0,0,0,882,-8.82,True,True,6.051,game_2025-08-25_17-50-39_julianfernandezrandomagent.json
random,8x8,0.4,0,1,0,0,0,1000,-10.0,True,True,6.83,game_2025-08-25_17-50-45_julianfernandezrandomagent.json
simple_reflex,8x8,0.4,0,1,0,0,0,677,-6.7700000000000005,True,True,21.102,game_2025-08-25_17-51-07_julianfernandezrandomagent.json
random,8x8,0.8,111,1,0,0,0,1000,-10.0,True,True,17.109,game_2025-08-25_17-51-24_julianfernandezrandomagent.json
simple_reflex,8x8,0.8,111,1,0,0,0,608,-6.08,True,True,4.274,game_2025-08-25_17-51-28_julianfernandezrandomagent.json
random,8x8,0.8,222,1,0,0,0,1000,-10.0,True,True,6.897,game_2025-08-25_17-51-35_julianfernandezrandomagent.json
simple_reflex,8x8,0.8,222,1,0,0,0,440,-4.4,True,True,3.217,game_2025-08-25_17-51-38_julianfernandezrandomagent.json
random,8x8,0.8,333,1,0,0,0,1000,-10.0,True,True,6.81,game_2025-08-25_17-51-45_julianfernandezrandomagent.json
simple_reflex,8x8,0.8,333,1,0,0,0,1000,-10.0,True,True,6.859,game_2025-08-25_17-51-52_julianfernandezrandomagent.json
random,8x8,0.8,444,1,0,0,0,1000,-10.0,True,True,6.88,game_2025-08-25_17-51-59_julianfernandezrandomagent.json
simple_reflex,8x8,0.8,444,1,0,0,0,580,-5.8,True,True,4.084,game_2025-08-25_17-52-03_julianfernandezrandomagent.json
random,8x8,0.8,555,1,0,0,0,1000,-10.0,True,True,22.012,game_2025-08-25_17-52-25_julianfernandezrandomagent.json
simple_reflex,8x8,0.8,555,1,0,0,0,705,-7.05,True,True,4.83,game_2025-08-25_17-52-30_julianfernandezrandomagent.json
random,8x8,0.8,666,1,0,0,0,1000,-10.0,True,True,6.855,game_2025-08-25_17-52-37_julianfernandezrandomagent.json
simple_reflex,8x8,0.8,666,1,0,0,0,615,-6.15,True,True,4.347,game_2025-08-25_17-52-41_julianfernandezrandomagent.json
random,8x8,0.8,777,1,0,0,0,1000,-10.0,True,True,6.854,game_2025-08-25_17-52-48_julianfernandezrandomagent.json
simple_reflex,8x8,0.8,777,1,0,0,0,626,-6.26,True,True,4.401,game_2025-08-25_17-52-53_julianfernandezrandomagent.json
random,8x8,0.8,888,1,0,0,0,1000,-10.0,True,True,6.833,game_2025-08-25_17-52-59_julianfernandezrandomagent.json
simple_reflex,8x8,0.8,888,1,0,0,0,552,-5.5200000000000005,True,True,3.898,game_2025-08-25_17-53-03_julianfernandezrandomagent.json
random,8x8,0.8,999,1,0,0,0,1000,-10.0,True,True,6.959,game_2025-08-25_17-53-10_julianfernandezrandomagent.json
simple_reflex,8x8,0.8,999,1,0,0,0,1000,-10.0,True,True,6.868,game_2025-08-25_17-53-17_julianfernandezrandomagent.json
random,8x8,0.8,0,1,0,0,0,1000,-10.0,True,True,6.726,game_2025-08-25_17-53-24_julianfernandezrandomagent.json
simple_reflex,8x8,0.8,0,1,0,0,0,758,-7.58,True,True,5.242,game_2025-08-25_17-53-29_julianfernandezrandomagent.json
random,16x16,0.1,111,1,0,0,0,1000,-10.0,True,True,7.19,game_2025-08-25_17-53-36_julianfernandezrandomagent.json
simple_reflex,16x16,0.1,111,1,0,0,0,1000,-10.0,True,True,7.209,game_2025-08-25_17-53-44_julianfernandezrandomagent.json
random,16x16,0.1,222,1,0,0,0,1000,-10.0,True,True,7.244,game_2025-08-25_17-53-51_julianfernandezrandomagent.json
simple_reflex,16x16,0.1,222,1,0,0,0,1000,-10.0,True,True,7.206,game_2025-08-25_17-53-58_julianfernandezrandomagent.json
random,16x16,0.1,333,1,0,0,0,1000,-10.0,True,True,7.159,game_2025-08-25_17-54-06_julianfernandezrandomagent.json
simple_reflex,16x16,0.1,333,1,0,0,0,1000,-10.0,True,True,11.294,game_2025-08-25_17-54-17_julianfernandezrandomagent.json
random,16x16,0.1,444,1,0,0,0,1000,-10.0,True,True,8.198,game_2025-08-25_17-54-25_julianfernandezrandomagent.json
simple_reflex,16x16,0.1,444,1,0,0,0,1000,-10.0,True,True,7.174,game_2025-08-25_17-54-33_julianfernandezrandomagent.json
random,16x16,0.1,555,1,0,0,0,1000,-10.0,True,True,7.206,game_2025-08-25_17-54-40_julianfernandezrandomagent.json
simple_reflex,16x16,0.1,555,1,0,0,0,1000,-10.0,True,True,7.271,game_2025-08-25_17-54-47_julianfernandezrandomagent.json
random,16x16,0.1,666,1,0,0,0,1000,-10.0,True,True,7.26,game_2025-08-25_17-54-55_julianfernandezrandomagent.json
simple_reflex,16x16,0.1,666,1,0,0,0,1000,-10.0,True,True,7.214,game_2025-08-25_17-55-02_julianfernandezrandomagent.json
random,16x16,0.1,777,1,0,0,0,1000,-10.0,True,True,7.228,game_2025-08-25_17-55-09_julianfernandezrandomagent.json
simple_reflex,16x16,0.1,777,1,0,0,0,1000,-10.0,True,True,7.217,game_2025-08-25_17-55-17_julianfernandezrandomagent.json
random,16x16,0.1,888,1,0,0,0,1000,-10.0,True,True,7.215,game_2025-08-25_17-55-24_julianfernandezrandomagent.json
simple_reflex,16x16,0.1,888,1,0,0,0,1000,-10.0,True,True,7.144,game_2025-08-25_17-55-31_julianfernandezrandomagent.json
random,16x16,0.1,999,1,0,0,0,1000,-10.0,True,True,7.203,game_2025-08-25_17-55-38_julianfernandezrandomagent.json
simple_reflex,16x16,0.1,999,1,0,0,0,1000,-10.0,True,True,18.209,game_2025-08-25_17-55-57_julianfernandezrandomagent.json
random,16x16,0.1,0,1,0,0,0,1000,-10.0,True,True,7.2,game_2025-08-25_17-56-04_julianfernandezrandomagent.json
simple_reflex,16x16,0.1,0,1,0,0,0,1000,-10.0,True,True,7.225,game_2025-08-25_17-56-11_julianfernandezrandomagent.json
random,16x16,0.2,111,1,0,0,0,1000,-10.0,True,True,7.236,game_2025-08-25_17-56-19_julianfernandezrandomagent.json
simple_reflex,16x16,0.2,111,1,0,0,0,1000,-10.0,True,True,7.252,game_2025-08-25_17-56-26_julianfernandezrandomagent.json
random,16x16,0.2,222,1,0,0,0,1000,-10.0,True,True,7.2,game_2025-08-25_17-56-33_julianfernandezrandomagent.json
simple_reflex,16x16,0.2,222,1,0,0,0,1000,-10.0,True,True,7.177,game_2025-08-25_17-56-41_julianfernandezrandomagent.json
random,16x16,0.2,333,1,0,0,0,1000,-10.0,True,True,7.175,game_2025-08-25_17-56-48_julianfernandezrandomagent.json
simple_reflex,16x16,0.2,333,1,0,0,0,1000,-10.0,True,True,7.128,game_2025-08-25_17-56-55_julianfernandezrandomagent.json
random,16x16,0.2,444,1,0,0,0,1000,-10.0,True,True,12.846,game_2025-08-25_17-57-08_julianfernandezrandomagent.json
simple_reflex,16x16,0.2,444,1,0,0,0,1000,-10.0,True,True,15.064,game_2025-08-25_17-57-23_julianfernandezrandomagent.json
random,16x16,0.2,555,1,0,0,0,1000,-10.0,True,True,7.259,game_2025-08-25_17-57-31_julianfernandezrandomagent.json
simple_reflex,16x16,0.2,555,1,0,0,0,1000,-10.0,True,True,7.191,game_2025-08-25_17-57-38_julianfernandezrandomagent.json
random,16x16,0.2,666,1,0,0,0,1000,-10.0,True,True,7.143,game_2025-08-25_17-57-45_julianfernandezrandomagent.json
simple_reflex,16x16,0.2,666,1,0,0,0,1000,-10.0,True,True,7.182,game_2025-08-25_17-57-52_julianfernandezrandomagent.json
random,16x16,0.2,777,1,0,0,0,1000,-10.0,True,True,7.167,game_2025-08-25_17-58-00_julianfernandezrandomagent.json
simple_reflex,16x16,0.2,777,1,0,0,0,1000,-10.0,True,True,7.15,game_2025-08-25_17-58-07_julianfernandezrandomagent.json
random,16x16,0.2,888,1,0,0,0,1000,-10.0,True,True,10.756,game_2025-08-25_17-58-18_julianfernandezrandomagent.json
simple_reflex,16x16,0.2,888,1,0,0,0,1000,-10.0,True,True,10.463,game_2025-08-25_17-58-28_julianfernandezrandomagent.json
random,16x16,0.2,999,1,0,0,0,1000,-10.0,True,True,7.21,game_2025-08-25_17-58-36_julianfernandezrandomagent.json
simple_reflex,16x16,0.2,999,1,0,0,0,1000,-10.0,True,True,7.225,game_2025-08-25_17-58-43_julianfernandezrandomagent.json
random,16x16,0.2,0,1,0,0,0,1000,-10.0,True,True,7.251,game_2025-08-25_17-58-50_julianfernandezrandomagent.json
simple_reflex,16x16,0.2,0,1,0,0,0,1000,-10.0,True,True,7.216,game_2025-08-25_17-58-58_julianfernandezrandomagent.json
random,16x16,0.4,111,1,0,0,0,1000,-10.0,True,True,7.134,game_2025-08-25_17-59-05_julianfernandezrandomagent.json
simple_reflex,16x16,0.4,111,1,0,0,0,1000,-10.0,True,True,7.212,game_2025-08-25_17-59-12_julianfernandezrandomagent.json
random,16x16,0.4,222,1,0,0,0,1000,-10.0,True,True,7.215,game_2025-08-25_17-59-19_julianfernandezrandomagent.json
simple_reflex,16x16,0.4,222,1,0,0,0,1000,-10.0,True,True,7.212,game_2025-08-25_17-59-27_julianfernandezrandomagent.json
random,16x16,0.4,333,1,0,0,0,1000,-10.0,True,True,7.238,game_2025-08-25_17-59-34_julianfernandezrandomagent.json
simple_reflex,16x16,0.4,333,1,0,0,0,1000,-10.0,True,True,7.169,game_2025-08-25_17-59-41_julianfernandezrandomagent.json
random,16x16,0.4,444,1,0,0,0,1000,-10.0,True,True,7.182,game_2025-08-25_17-59-49_julianfernandezrandomagent.json
simple_reflex,16x16,0.4,444,1,0,0,0,1000,-10.0,True,True,7.232,game_2025-08-25_17-59-56_julianfernandezrandomagent.json
random,16x16,0.4,555,1,0,0,0,1000,-10.0,True,True,7.177,game_2025-08-25_18-00-03_julianfernandezrandomagent.json
simple_reflex,16x16,0.4,555,1,0,0,0,1000,-10.0,True,True,7.197,game_2025-08-25_18-00-11_julianfernandezrandomagent.json
random,16x16,0.4,666,1,0,0,0,1000,-10.0,True,True,7.195,game_2025-08-25_18-00-18_julianfernandezrandomagent.json
simple_reflex,16x16,0.4,666,1,0,0,0,1000,-10.0,True,True,7.239,game_2025-08-25_18-00-25_julianfernandezrandomagent.json
random,16x16,0.4,777,1,0,0,0,1000,-10.0,True,True,7.167,game_2025-08-25_18-00-32_julianfernandezrandomagent.json
simple_reflex,16x16,0.4,777,1,0,0,0,1000,-10.0,True,True,7.205,game_2025-08-25_18-00-40_julianfernandezrandomagent.json
random,16x16,0.4,888,1,0,0,0,1000,-10.0,True,True,7.226,game_2025-08-25_18-00-47_julianfernandezrandomagent.json
simple_reflex,16x16,0.4,888,1,0,0,0,1000,-10.0,True,True,7.227,game_2025-08-25_18-00-54_julianfernandezrandomagent.json
random,16x16,0.4,999,1,0,0,0,1000,-10.0,True,True,7.253,game_2025-08-25_18-01-02_julianfernandezrandomagent.json
simple_reflex,16x16,0.4,999,1,0,0,0,1000,-10.0,True,True,7.234,game_2025-08-25_18-01-09_julianfernandezrandomagent.json
random,16x16,0.4,0,1,0,0,0,1000,-10.0,True,True,7.231,game_2025-08-25_18-01-16_julianfernandezrandomagent.json
simple_reflex,16x16,0.4,0,1,0,0,0,1000,-10.0,True,True,7.209,game_2025-08-25_18-01-24_julianfernandezrandomagent.json
random,16x16,0.8,111,1,0,0,0,1000,-10.0,True,True,7.235,game_2025-08-25_18-01-31_julianfernandezrandomagent.json
simple_reflex,16x16,0.8,111,1,0,0,0,1000,-10.0,True,True,7.24,game_2025-08-25_18-01-38_julianfernandezrandomagent.json
random,16x16,0.8,222,1,0,0,0,1000,-10.0,True,True,14.294,game_2025-08-25_18-01-53_julianfernandezrandomagent.json
simple_reflex,16x16,0.8,222,1,0,0,0,1000,-10.0,True,True,22.513,game_2025-08-25_18-02-15_julianfernandezrandomagent.json
random,16x16,0.8,333,1,0,0,0,1000,-10.0,True,True,7.241,game_2025-08-25_18-02-23_julianfernandezrandomagent.json
simple_reflex,16x16,0.8,333,1,0,0,0,1000,-10.0,True,True,7.157,game_2025-08-25_18-02-30_julianfernandezrandomagent.json
random,16x16,0.8,444,1,0,0,0,1000,-10.0,True,True,7.21,game_2025-08-25_18-02-37_julianfernandezrandomagent.json
simple_reflex,16x16,0.8,444,1,0,0,0,1000,-10.0,True,True,7.244,game_2025-08-25_18-02-45_julianfernandezrandomagent.json
random,16x16,0.8,555,1,0,0,0,1000,-10.0,True,True,7.195,game_2025-08-25_18-02-52_julianfernandezrandomagent.json
simple_reflex,16x16,0.8,555,1,0,0,0,1000,-10.0,True,True,7.2,game_2025-08-25_18-02-59_julianfernandezrandomagent.json
random,16x16,0.8,666,1,0,0,0,1000,-10.0,True,True,25.793,game_2025-08-25_18-03-25_julianfernandezrandomagent.json
simple_reflex,16x16,0.8,666,1,0,0,0,1000,-10.0,True,True,7.169,game_2025-08-25_18-03-33_julianfernandezrandomagent.json
random,16x16,0.8,777,1,0,0,0,1000,-10.0,True,True,7.257,game_2025-08-25_18-03-40_julianfernandezrandomagent.json
simple_reflex,16x16,0.8,777,1,0,0,0,1000,-10.0,True,True,7.16,game_2025-08-25_18-03-47_julianfernandezrandomagent.json
random,16x16,0.8,888,1,0,0,0,1000,-10.0,True,True,7.157,game_2025-08-25_18-03-54_julianfernandezrandomagent.json
simple_reflex,16x16,0.8,888,1,0,0,0,1000,-10.0,True,True,7.145,game_2025-08-25_18-04-02_julianfernandezrandomagent.json
random,16x16,0.8,999,1,0,0,0,1000,-10.0,True,True,7.129,game_2025-08-25_18-04-09_julianfernandezrandomagent.json
simple_reflex,16x16,0.8,999,1,0,0,0,1000,-10.0,True,True,15.381,game_2025-08-25_18-04-24_julianfernandezrandomagent.json
random,16x16,0.8,0,1,0,0,0,1000,-10.0,True,True,7.192,game_2025-08-25_18-04-32_julianfernandezrandomagent.json
simple_reflex,16x16,0.8,0,1,0,0,0,1000,-10.0,True,True,7.162,game_2025-08-25_18-04-39_julianfernandezrandomagent.json
random,32x32,0.1,111,1,0,0,0,1000,-10.0,True,True,8.416,game_2025-08-25_18-04-47_julianfernandezrandomagent.json
simple_reflex,32x32,0.1,111,1,0,0,0,1000,-10.0,True,True,8.39,game_2025-08-25_18-04-56_julianfernandezrandomagent.json
random,32x32,0.1,222,1,0,0,0,1000,-10.0,True,True,8.365,game_2025-08-25_18-05-04_julianfernandezrandomagent.json
simple_reflex,32x32,0.1,222,1,0,0,0,1000,-10.0,True,True,8.398,game_2025-08-25_18-05-13_julianfernandezrandomagent.json
random,32x32,0.1,333,1,0,0,0,1000,-10.0,True,True,8.365,game_2025-08-25_18-05-22_julianfernandezrandomagent.json
simple_reflex,32x32,0.1,333,1,0,0,0,1000,-10.0,True,True,8.418,game_2025-08-25_18-05-31_julianfernandezrandomagent.json
random,32x32,0.1,444,1,0,0,0,1000,-10.0,True,True,8.43,game_2025-08-25_18-05-39_julianfernandezrandomagent.json
simple_reflex,32x32,0.1,444,1,0,0,0,1000,-10.0,True,True,8.362,game_2025-08-25_18-05-48_julianfernandezrandomagent.json
random,32x32,0.1,555,1,0,0,0,1000,-10.0,True,True,8.4,game_2025-08-25_18-05-57_julianfernandezrandomagent.json
simple_reflex,32x32,0.1,555,1,0,0,0,1000,-10.0,True,True,8.435,game_2025-08-25_18-06-05_julianfernandezrandomagent.json
random,32x32,0.1,666,1,0,0,0,1000,-10.0,True,True,8.434,game_2025-08-25_18-06-14_julianfernandezrandomagent.json
simple_reflex,32x32,0.1,666,1,0,0,0,1000,-10.0,True,True,8.421,game_2025-08-25_18-06-23_julianfernandezrandomagent.json
random,32x32,0.1,777,1,0,0,0,1000,-10.0,True,True,8.362,game_2025-08-25_18-06-32_julianfernandezrandomagent.json
simple_reflex,32x32,0.1,777,1,0,0,0,1000,-10.0,True,True,25.059,game_2025-08-25_18-06-57_julianfernandezrandomagent.json
random,32x32,0.1,888,1,0,0,0,1000,-10.0,True,True,17.126,game_2025-08-25_18-07-14_julianfernandezrandomagent.json
simple_reflex,32x32,0.1,888,1,0,0,0,1000,-10.0,True,True,12.161,game_2025-08-25_18-07-27_julianfernandezrandomagent.json
random,32x32,0.1,999,1,0,0,0,1000,-10.0,True,True,8.291,game_2025-08-25_18-07-35_julianfernandezrandomagent.json
simple_reflex,32x32,0.1,999,1,0,0,0,1000,-10.0,True,True,8.371,game_2025-08-25_18-07-44_julianfernandezrandomagent.json
random,32x32,0.1,0,1,0,0,0,1000,-10.0,True,True,8.339,game_2025-08-25_18-07-53_julianfernandezrandomagent.json
simple_reflex,32x32,0.1,0,1,0,0,0,1000,-10.0,True,True,8.322,game_2025-08-25_18-08-01_julianfernandezrandomagent.json
random,32x32,0.2,111,1,0,0,0,1000,-10.0,True,True,9.683,game_2025-08-25_18-08-11_julianfernandezrandomagent.json
simple_reflex,32x32,0.2,111,1,0,0,0,1000,-10.0,True,True,17.231,game_2025-08-25_18-08-29_julianfernandezrandomagent.json
random,32x32,0.2,222,1,0,0,0,1000,-10.0,True,True,8.313,game_2025-08-25_18-08-38_julianfernandezrandomagent.json
simple_reflex,32x32,0.2,222,1,0,0,0,1000,-10.0,True,True,8.433,game_2025-08-25_18-08-46_julianfernandezrandomagent.json
random,32x32,0.2,333,1,0,0,0,1000,-10.0,True,True,8.37,game_2025-08-25_18-08-55_julianfernandezrandomagent.json
simple_reflex,32x32,0.2,333,1,0,0,0,1000,-10.0,True,True,8.397,game_2025-08-25_18-09-04_julianfernandezrandomagent.json
random,32x32,0.2,444,1,0,0,0,1000,-10.0,True,True,8.349,game_2025-08-25_18-09-12_julianfernandezrandomagent.json
simple_reflex,32x32,0.2,444,1,0,0,0,1000,-10.0,True,True,8.324,game_2025-08-25_18-09-21_julianfernandezrandomagent.json
random,32x32,0.2,555,1,0,0,0,1000,-10.0,True,True,8.38,game_2025-08-25_18-09-30_julianfernandezrandomagent.json
simple_reflex,32x32,0.2,555,1,0,0,0,1000,-10.0,True,True,8.384,game_2025-08-25_18-09-38_julianfernandezrandomagent.json
random,32x32,0.2,666,1,0,0,0,1000,-10.0,True,True,8.37,game_2025-08-25_18-09-47_julianfernandezrandomagent.json
simple_reflex,32x32,0.2,666,1,0,0,0,1000,-10.0,True,True,8.377,game_2025-08-25_18-09-56_julianfernandezrandomagent.json
random,32x32,0.2,777,1,0,0,0,1000,-10.0,True,True,8.421,game_2025-08-25_18-10-05_julianfernandezrandomagent.json
simple_reflex,32x32,0.2,777,1,0,0,0,1000,-10.0,True,True,8.454,game_2025-08-25_18-10-13_julianfernandezrandomagent.json
random,32x32,0.2,888,1,0,0,0,1000,-10.0,True,True,8.32,game_2025-08-25_18-10-22_julianfernandezrandomagent.json
simple_reflex,32x32,0.2,888,1,0,0,0,1000,-10.0,True,True,8.401,game_2025-08-25_18-10-31_julianfernandezrandomagent.json
random,32x32,0.2,999,1,0,0,0,1000,-10.0,True,True,18.505,game_2025-08-25_18-10-50_julianfernandezrandomagent.json
simple_reflex,32x32,0.2,999,1,0,0,0,1000,-10.0,True,True,8.409,game_2025-08-25_18-10-58_julianfernandezrandomagent.json
random,32x32,0.2,0,1,0,0,0,1000,-10.0,True,True,8.359,game_2025-08-25_18-11-07_julianfernandezrandomagent.json
simple_reflex,32x32,0.2,0,1,0,0,0,1000,-10.0,True,True,8.402,game_2025-08-25_18-11-16_julianfernandezrandomagent.json
random,32x32,0.4,111,1,0,0,0,1000,-10.0,True,True,8.417,game_2025-08-25_18-11-24_julianfernandezrandomagent.json
simple_reflex,32x32,0.4,111,1,0,0,0,1000,-10.0,True,True,8.453,game_2025-08-25_18-11-33_julianfernandezrandomagent.json
random,32x32,0.4,222,1,0,0,0,1000,-10.0,True,True,8.35,game_2025-08-25_18-11-42_julianfernandezrandomagent.json
simple_reflex,32x32,0.4,222,1,0,0,0,1000,-10.0,True,True,8.373,game_2025-08-25_18-11-51_julianfernandezrandomagent.json
random,32x32,0.4,333,1,0,0,0,1000,-10.0,True,True,8.394,game_2025-08-25_18-11-59_julianfernandezrandomagent.json
simple_reflex,32x32,0.4,333,1,0,0,0,1000,-10.0,True,True,8.404,game_2025-08-25_18-12-08_julianfernandezrandomagent.json
random,32x32,0.4,444,1,0,0,0,1000,-10.0,True,True,8.496,game_2025-08-25_18-12-17_julianfernandezrandomagent.json
simple_reflex,32x32,0.4,444,1,0,0,0,1000,-10.0,True,True,9.202,game_2025-08-25_18-12-26_julianfernandezrandomagent.json
random,32x32,0.4,555,1,0,0,0,1000,-10.0,True,True,8.444,game_2025-08-25_18-12-35_julianfernandezrandomagent.json
simple_reflex,32x32,0.4,555,1,0,0,0,1000,-10.0,True,True,8.357,game_2025-08-25_18-12-44_julianfernandezrandomagent.json
random,32x32,0.4,666,1,0,0,0,1000,-10.0,True,True,8.409,game_2025-08-25_18-12-52_julianfernandezrandomagent.json
simple_reflex,32x32,0.4,666,1,0,0,0,1000,-10.0,True,True,8.39,game_2025-08-25_18-13-01_julianfernandezrandomagent.json
random,32x32,0.4,777,1,0,0,0,1000,-10.0,True,True,8.37,game_2025-08-25_18-13-10_julianfernandezrandomagent.json
simple_reflex,32x32,0.4,777,1,0,0,0,1000,-10.0,True,True,8.45,game_2025-08-25_18-13-19_julianfernandezrandomagent.json
random,32x32,0.4,888,1,0,0,0,1000,-10.0,True,True,8.456,game_2025-08-25_18-13-27_julianfernandezrandomagent.json
simple_reflex,32x32,0.4,888,1,0,0,0,1000,-10.0,True,True,8.385,game_2025-08-25_18-13-36_julianfernandezrandomagent.json
random,32x32,0.4,999,1,0,0,0,1000,-10.0,True,True,8.402,game_2025-08-25_18-13-45_julianfernandezrandomagent.json
simple_reflex,32x32,0.4,999,1,0,0,0,1000,-10.0,True,True,8.416,game_2025-08-25_18-13-54_julianfernandezrandomagent.json
random,32x32,0.4,0,1,0,0,0,1000,-10.0,True,True,8.381,game_2025-08-25_18-14-02_julianfernandezrandomagent.json
simple_reflex,32x32,0.4,0,1,0,0,0,1000,-10.0,True,True,8.347,game_2025-08-25_18-14-11_julianfernandezrandomagent.json
random,32x32,0.8,111,1,0,0,0,1000,-10.0,True,True,14.471,game_2025-08-25_18-14-26_julianfernandezrandomagent.json
simple_reflex,32x32,0.8,111,1,0,0,0,1000,-10.0,True,True,8.461,game_2025-08-25_18-14-35_julianfernandezrandomagent.json
random,32x32,0.8,222,1,0,0,0,1000,-10.0,True,True,8.435,game_2025-08-25_18-14-43_julianfernandezrandomagent.json
simple_reflex,32x32,0.8,222,1,0,0,0,1000,-10.0,True,True,8.444,game_2025-08-25_18-14-52_julianfernandezrandomagent.json
random,32x32,0.8,333,1,0,0,0,1000,-10.0,True,True,8.39,game_2025-08-25_18-15-01_julianfernandezrandomagent.json
simple_reflex,32x32,0.8,333,1,0,0,0,1000,-10.0,True,True,23.164,game_2025-08-25_18-15-24_julianfernandezrandomagent.json
random,32x32,0.8,444,1,0,0,0,1000,-10.0,True,True,8.328,game_2025-08-25_18-15-33_julianfernandezrandomagent.json
simple_reflex,32x32,0.8,444,1,0,0,0,1000,-10.0,True,True,8.495,game_2025-08-25_18-15-42_julianfernandezrandomagent.json
random,32x32,0.8,555,1,0,0,0,1000,-10.0,True,True,8.405,game_2025-08-25_18-15-50_julianfernandezrandomagent.json
simple_reflex,32x32,0.8,555,1,0,0,0,1000,-10.0,True,True,8.426,game_2025-08-25_18-15-59_julianfernandezrandomagent.json
random,32x32,0.8,666,1,0,0,0,1000,-10.0,True,True,16.196,game_2025-08-25_18-16-16_julianfernandezrandomagent.json
simple_reflex,32x32,0.8,666,1,0,0,0,1000,-10.0,True,True,14.193,game_2025-08-25_18-16-30_julianfernandezrandomagent.json
random,32x32,0.8,777,1,0,0,0,1000,-10.0,True,True,8.403,game_2025-08-25_18-16-39_julianfernandezrandomagent.json
simple_reflex,32x32,0.8,777,1,0,0,0,1000,-10.0,True,True,8.442,game_2025-08-25_18-16-48_julianfernandezrandomagent.json
random,32x32,0.8,888,1,0,0,0,1000,-10.0,True,True,8.368,game_2025-08-25_18-16-56_julianfernandezrandomagent.json
simple_reflex,32x32,0.8,888,1,0,0,0,1000,-10.0,True,True,8.421,game_2025-08-25_18-17-05_julianfernandezrandomagent.json
random,32x32,0.8,999,1,0,0,0,1000,-10.0,True,True,8.448,game_2025-08-25_18-17-14_julianfernandezrandomagent.json
simple_reflex,32x32,0.8,999,1,0,0,0,1000,-10.0,True,True,8.401,game_2025-08-25_18-17-23_julianfernandezrandomagent.json
random,32x32,0.8,0,1,0,0,0,1000,-10.0,True,True,8.363,game_2025-08-25_18-17-31_julianfernandezrandomagent.json
simple_reflex,32x32,0.8,0,1,0,0,0,1000,-10.0,True,True,8.434,game_2025-08-25_18-17-40_julianfernandezrandomagent.json
random,64x64,0.1,111,1,0,0,0,1000,-10.0,True,True,12.804,game_2025-08-25_18-17-52_julianfernandezrandomagent.json
simple_reflex,64x64,0.1,111,1,0,0,0,1000,-10.0,True,True,12.877,game_2025-08-25_18-18-06_julianfernandezrandomagent.json
random,64x64,0.1,222,1,0,0,0,1000,-10.0,True,True,12.762,game_2025-08-25_18-18-20_julianfernandezrandomagent.json
simple_reflex,64x64,0.1,222,1,0,0,0,1000,-10.0,True,True,12.769,game_2025-08-25_18-18-33_julianfernandezrandomagent.json
random,64x64,0.1,333,1,0,0,0,1000,-10.0,True,True,12.814,game_2025-08-25_18-18-47_julianfernandezrandomagent.json
simple_reflex,64x64,0.1,333,1,0,0,0,1000,-10.0,True,True,12.844,game_2025-08-25_18-19-01_julianfernandezrandomagent.json
random,64x64,0.1,444,1,0,0,0,1000,-10.0,True,True,12.849,game_2025-08-25_18-19-15_julianfernandezrandomagent.json
simple_reflex,64x64,0.1,444,1,0,0,0,1000,-10.0,True,True,12.746,game_2025-08-25_18-19-29_julianfernandezrandomagent.json
random,64x64,0.1,555,1,0,0,0,1000,-10.0,True,True,12.755,game_2025-08-25_18-19-43_julianfernandezrandomagent.json
simple_reflex,64x64,0.1,555,1,0,0,0,1000,-10.0,True,True,12.801,game_2025-08-25_18-19-57_julianfernandezrandomagent.json
random,64x64,0.1,666,1,0,0,0,1000,-10.0,True,True,12.782,game_2025-08-25_18-20-11_julianfernandezrandomagent.json
simple_reflex,64x64,0.1,666,1,0,0,0,1000,-10.0,True,True,12.866,game_2025-08-25_18-20-25_julianfernandezrandomagent.json
random,64x64,0.1,777,1,0,0,0,1000,-10.0,True,True,12.767,game_2025-08-25_18-20-39_julianfernandezrandomagent.json
simple_reflex,64x64,0.1,777,1,0,0,0,1000,-10.0,True,True,12.828,game_2025-08-25_18-20-53_julianfernandezrandomagent.json
random,64x64,0.1,888,1,0,0,0,1000,-10.0,True,True,12.807,game_2025-08-25_18-21-07_julianfernandezrandomagent.json
simple_reflex,64x64,0.1,888,1,0,0,0,1000,-10.0,True,True,12.831,game_2025-08-25_18-21-21_julianfernandezrandomagent.json
random,64x64,0.1,999,1,0,0,0,1000,-10.0,True,True,12.805,game_2025-08-25_18-21-35_julianfernandezrandomagent.json
simple_reflex,64x64,0.1,999,1,0,0,0,1000,-10.0,True,True,12.812,game_2025-08-25_18-21-49_julianfernandezrandomagent.json
random,64x64,0.1,0,1,0,0,0,1000,-10.0,True,True,13.03,game_2025-08-25_18-22-03_julianfernandezrandomagent.json
simple_reflex,64x64,0.1,0,1,0,0,0,1000,-10.0,True,True,12.843,game_2025-08-25_18-22-17_julianfernandezrandomagent.json
random,64x64,0.2,111,1,0,0,0,1000,-10.0,True,True,12.799,game_2025-08-25_18-22-31_julianfernandezrandomagent.json
simple_reflex,64x64,0.2,111,1,0,0,0,1000,-10.0,True,True,12.856,game_2025-08-25_18-22-45_julianfernandezrandomagent.json
random,64x64,0.2,222,1,0,0,0,1000,-10.0,True,True,12.818,game_2025-08-25_18-22-59_julianfernandezrandomagent.json
simple_reflex,64x64,0.2,222,1,0,0,0,1000,-10.0,True,True,12.846,game_2025-08-25_18-23-13_julianfernandezrandomagent.json
random,64x64,0.2,333,1,0,0,0,1000,-10.0,True,True,12.859,game_2025-08-25_18-23-27_julianfernandezrandomagent.json
simple_reflex,64x64,0.2,333,1,0,0,0,1000,-10.0,True,True,12.89,game_2025-08-25_18-23-41_julianfernandezrandomagent.json
random,64x64,0.2,444,1,0,0,0,1000,-10.0,True,True,12.871,game_2025-08-25_18-23-55_julianfernandezrandomagent.json
simple_reflex,64x64,0.2,444,1,0,0,0,1000,-10.0,True,True,12.819,game_2025-08-25_18-24-09_julianfernandezrandomagent.json
random,64x64,0.2,555,1,0,0,0,1000,-10.0,True,True,15.518,game_2025-08-25_18-24-26_julianfernandezrandomagent.json
simple_reflex,64x64,0.2,555,1,0,0,0,1000,-10.0,True,True,12.861,game_2025-08-25_18-24-40_julianfernandezrandomagent.json
random,64x64,0.2,666,1,0,0,0,1000,-10.0,True,True,12.83,game_2025-08-25_18-24-54_julianfernandezrandomagent.json
simple_reflex,64x64,0.2,666,1,0,0,0,1000,-10.0,True,True,12.812,game_2025-08-25_18-25-08_julianfernandezrandomagent.json
random,64x64,0.2,777,1,0,0,0,1000,-10.0,True,True,12.928,game_2025-08-25_18-25-22_julianfernandezrandomagent.json
simple_reflex,64x64,0.2,777,1,0,0,0,1000,-10.0,True,True,12.909,game_2025-08-25_18-25-36_julianfernandezrandomagent.json
random,64x64,0.2,888,1,0,0,0,1000,-10.0,True,True,12.878,game_2025-08-25_18-25-50_julianfernandezrandomagent.json
simple_reflex,64x64,0.2,888,1,0,0,0,1000,-10.0,True,True,12.9,game_2025-08-25_18-26-04_julianfernandezrandomagent.json
random,64x64,0.2,999,1,0,0,0,1000,-10.0,True,True,18.816,game_2025-08-25_18-26-24_julianfernandezrandomagent.json
simple_reflex,64x64,0.2,999,1,0,0,0,1000,-10.0,True,True,31.301,game_2025-08-25_18-26-56_julianfernandezrandomagent.json
random,64x64,0.2,0,1,0,0,0,1000,-10.0,True,True,12.828,game_2025-08-25_18-27-10_julianfernandezrandomagent.json
simple_reflex,64x64,0.2,0,1,0,0,0,1000,-10.0,True,True,12.808,game_2025-08-25_18-27-24_julianfernandezrandomagent.json
random,64x64,0.4,111,1,0,0,0,1000,-10.0,True,True,12.887,game_2025-08-25_18-27-38_julianfernandezrandomagent.json
simple_reflex,64x64,0.4,111,1,0,0,0,1000,-10.0,True,True,13.258,game_2025-08-25_18-27-53_julianfernandezrandomagent.json
random,64x64,0.4,222,1,0,0,0,1000,-10.0,True,True,12.877,game_2025-08-25_18-28-07_julianfernandezrandomagent.json
simple_reflex,64x64,0.4,222,1,0,0,0,1000,-10.0,True,True,12.876,game_2025-08-25_18-28-21_julianfernandezrandomagent.json
random,64x64,0.4,333,1,0,0,0,1000,-10.0,True,True,13.032,game_2025-08-25_18-28-35_julianfernandezrandomagent.json
simple_reflex,64x64,0.4,333,1,0,0,0,1000,-10.0,True,True,22.42,game_2025-08-25_18-28-58_julianfernandezrandomagent.json
random,64x64,0.4,444,1,0,0,0,1000,-10.0,True,True,12.92,game_2025-08-25_18-29-13_julianfernandezrandomagent.json
simple_reflex,64x64,0.4,444,1,0,0,0,1000,-10.0,True,True,12.958,game_2025-08-25_18-29-27_julianfernandezrandomagent.json
random,64x64,0.4,555,1,0,0,0,1000,-10.0,True,True,13.026,game_2025-08-25_18-29-41_julianfernandezrandomagent.json
simple_reflex,64x64,0.4,555,1,0,0,0,1000,-10.0,True,True,12.936,game_2025-08-25_18-29-55_julianfernandezrandomagent.json
random,64x64,0.4,666,1,0,0,0,1000,-10.0,True,True,12.952,game_2025-08-25_18-30-09_julianfernandezrandomagent.json
simple_reflex,64x64,0.4,666,1,0,0,0,1000,-10.0,True,True,12.913,game_2025-08-25_18-30-23_julianfernandezrandomagent.json
random,64x64,0.4,777,1,0,0,0,1000,-10.0,True,True,12.928,game_2025-08-25_18-30-37_julianfernandezrandomagent.json
simple_reflex,64x64,0.4,777,1,0,0,0,1000,-10.0,True,True,12.853,game_2025-08-25_18-30-51_julianfernandezrandomagent.json
random,64x64,0.4,888,1,0,0,0,1000,-10.0,True,True,12.901,game_2025-08-25_18-31-05_julianfernandezrandomagent.json
simple_reflex,64x64,0.4,888,1,0,0,0,1000,-10.0,True,True,17.583,game_2025-08-25_18-31-24_julianfernandezrandomagent.json
random,64x64,0.4,999,1,0,0,0,1000,-10.0,True,True,12.952,game_2025-08-25_18-31-38_julianfernandezrandomagent.json
simple_reflex,64x64,0.4,999,1,0,0,0,1000,-10.0,True,True,12.94,game_2025-08-25_18-31-52_julianfernandezrandomagent.json
random,64x64,0.4,0,1,0,0,0,1000,-10.0,True,True,12.928,game_2025-08-25_18-32-07_julianfernandezrandomagent.json
simple_reflex,64x64,0.4,0,1,0,0,0,1000,-10.0,True,True,23.992,game_2025-08-25_18-32-32_julianfernandezrandomagent.json
random,64x64,0.8,111,1,0,0,0,1000,-10.0,True,True,12.913,game_2025-08-25_18-32-46_julianfernandezrandomagent.json
simple_reflex,64x64,0.8,111,1,0,0,0,1000,-10.0,True,True,12.91,game_2025-08-25_18-33-00_julianfernandezrandomagent.json
random,64x64,0.8,222,1,0,0,0,1000,-10.0,True,True,12.932,game_2025-08-25_18-33-14_julianfernandezrandomagent.json
simple_reflex,64x64,0.8,222,1,0,0,0,1000,-10.0,True,True,12.871,game_2025-08-25_18-33-28_julianfernandezrandomagent.json
random,64x64,0.8,333,1,0,0,0,1000,-10.0,True,True,12.925,game_2025-08-25_18-33-42_julianfernandezrandomagent.json
simple_reflex,64x64,0.8,333,1,0,0,0,1000,-10.0,True,True,12.914,game_2025-08-25_18-33-56_julianfernandezrandomagent.json
random,64x64,0.8,444,1,0,0,0,1000,-10.0,True,True,12.911,game_2025-08-25_18-34-10_julianfernandezrandomagent.json
simple_reflex,64x64,0.8,444,1,0,0,0,1000,-10.0,True,True,12.924,game_2025-08-25_18-34-24_julianfernandezrandomagent.json
random,64x64,0.8,555,1,0,0,0,1000,-10.0,True,True,12.962,game_2025-08-25_18-34-38_julianfernandezrandomagent.json
simple_reflex,64x64,0.8,555,1,0,0,0,1000,-10.0,True,True,12.99,game_2025-08-25_18-34-52_julianfernandezrandomagent.json
random,64x64,0.8,666,1,0,0,0,1000,-10.0,True,True,12.901,game_2025-08-25_18-35-06_julianfernandezrandomagent.json
simple_reflex,64x64,0.8,666,1,0,0,0,1000,-10.0,True,True,12.96,game_2025-08-25_18-35-21_julianfernandezrandomagent.json
random,64x64,0.8,777,1,0,0,0,1000,-10.0,True,True,12.847,game_2025-08-25_18-35-35_julianfernandezrandomagent.json
simple_reflex,64x64,0.8,777,1,0,0,0,1000,-10.0,True,True,12.872,game_2025-08-25_18-35-49_julianfernandezrandomagent.json
random,64x64,0.8,888,1,0,0,0,1000,-10.0,True,True,12.929,game_2025-08-25_18-36-03_julianfernandezrandomagent.json
simple_reflex,64x64,0.8,888,1,0,0,0,1000,-10.0,True,True,12.873,game_2025-08-25_18-36-17_julianfernandezrandomagent.json
random,64x64,0.8,999,1,0,0,0,1000,-10.0,True,True,12.921,game_2025-08-25_18-36-31_julianfernandezrandomagent.json
simple_reflex,64x64,0.8,999,1,0,0,0,1000,-10.0,True,True,12.898,game_2025-08-25_18-36-45_julianfernandezrandomagent.json
random,64x64,0.8,0,1,0,0,0,1000,-10.0,True,True,44.139,game_2025-08-25_18-37-30_julianfernandezrandomagent.json
simple_reflex,64x64,0.8,0,1,0,0,0,1000,-10.0,True,True,12.808,game_2025-08-25_18-37-44_julianfernandezrandomagent.json
random,128x128,0.1,111,1,0,0,0,1000,-10.0,True,True,29.355,game_2025-08-25_18-38-08_julianfernandezrandomagent.json
simple_reflex,128x128,0.1,111,1,0,0,0,1000,-10.0,True,True,29.342,game_2025-08-25_18-38-42_julianfernandezrandomagent.json
random,128x128,0.1,222,1,0,0,0,1000,-10.0,True,True,29.246,game_2025-08-25_18-39-15_julianfernandezrandomagent.json
simple_reflex,128x128,0.1,222,1,0,0,0,1000,-10.0,True,True,29.402,game_2025-08-25_18-39-49_julianfernandezrandomagent.json
random,128x128,0.1,333,1,0,0,0,1000,-10.0,True,True,29.355,game_2025-08-25_18-40-23_julianfernandezrandomagent.json
simple_reflex,128x128,0.1,333,1,0,0,0,1000,-10.0,True,True,29.413,game_2025-08-25_18-40-56_julianfernandezrandomagent.json
random,128x128,0.1,444,1,0,0,0,1000,-10.0,True,True,29.349,game_2025-08-25_18-41-30_julianfernandezrandomagent.json
simple_reflex,128x128,0.1,444,1,0,0,0,1000,-10.0,True,True,29.309,game_2025-08-25_18-42-04_julianfernandezrandomagent.json
random,128x128,0.1,555,1,0,0,0,1000,-10.0,True,True,29.367,game_2025-08-25_18-42-37_julianfernandezrandomagent.json
simple_reflex,128x128,0.1,555,1,0,0,0,1000,-10.0,True,True,29.448,game_2025-08-25_18-43-11_julianfernandezrandomagent.json
random,128x128,0.1,666,1,0,0,0,1000,-10.0,True,True,29.299,game_2025-08-25_18-43-45_julianfernandezrandomagent.json
simple_reflex,128x128,0.1,666,1,0,0,0,1000,-10.0,True,True,29.444,game_2025-08-25_18-44-18_julianfernandezrandomagent.json
random,128x128,0.1,777,1,0,0,0,1000,-10.0,True,True,29.427,game_2025-08-25_18-44-52_julianfernandezrandomagent.json
simple_reflex,128x128,0.1,777,1,0,0,0,1000,-10.0,True,True,29.363,game_2025-08-25_18-45-26_julianfernandezrandomagent.json
random,128x128,0.1,888,1,0,0,0,1000,-10.0,True,True,29.53,game_2025-08-25_18-45-59_julianfernandezrandomagent.json
simple_reflex,128x128,0.1,888,1,0,0,0,1000,-10.0,True,True,29.237,game_2025-08-25_18-46-33_julianfernandezrandomagent.json
random,128x128,0.1,999,1,0,0,0,1000,-10.0,True,True,29.221,game_2025-08-25_18-47-07_julianfernandezrandomagent.json
simple_reflex,128x128,0.1,999,1,0,0,0,1000,-10.0,True,True,29.263,game_2025-08-25_18-47-40_julianfernandezrandomagent.json
random,128x128,0.1,0,1,0,0,0,1000,-10.0,True,True,29.31,game_2025-08-25_18-48-14_julianfernandezrandomagent.json
simple_reflex,128x128,0.1,0,1,0,0,0,1000,-10.0,True,True,29.326,game_2025-08-25_18-48-47_julianfernandezrandomagent.json
random,128x128,0.2,111,1,0,0,0,1000,-10.0,True,True,29.537,game_2025-08-25_18-49-21_julianfernandezrandomagent.json
simple_reflex,128x128,0.2,111,1,0,0,0,1000,-10.0,True,True,29.435,game_2025-08-25_18-49-55_julianfernandezrandomagent.json
random,128x128,0.2,222,1,0,0,0,1000,-10.0,True,True,29.411,game_2025-08-25_18-50-29_julianfernandezrandomagent.json
simple_reflex,128x128,0.2,222,1,0,0,0,1000,-10.0,True,True,29.513,game_2025-08-25_18-51-02_julianfernandezrandomagent.json
random,128x128,0.2,333,1,0,0,0,1000,-10.0,True,True,29.464,game_2025-08-25_18-51-36_julianfernandezrandomagent.json
simple_reflex,128x128,0.2,333,1,0,0,0,1000,-10.0,True,True,29.547,game_2025-08-25_18-52-10_julianfernandezrandomagent.json
random,128x128,0.2,444,1,0,0,0,1000,-10.0,True,True,29.506,game_2025-08-25_18-52-44_julianfernandezrandomagent.json
simple_reflex,128x128,0.2,444,1,0,0,0,1000,-10.0,True,True,29.468,game_2025-08-25_18-53-18_julianfernandezrandomagent.json
random,128x128,0.2,555,1,0,0,0,1000,-10.0,True,True,29.511,game_2025-08-25_18-53-52_julianfernandezrandomagent.json
simple_reflex,128x128,0.2,555,1,0,0,0,1000,-10.0,True,True,29.406,game_2025-08-25_18-54-25_julianfernandezrandomagent.json
random,128x128,0.2,666,1,0,0,0,1000,-10.0,True,True,29.466,game_2025-08-25_18-54-59_julianfernandezrandomagent.json
simple_reflex,128x128,0.2,666,1,0,0,0,1000,-10.0,True,True,29.489,game_2025-08-25_18-55-33_julianfernandezrandomagent.json
random,128x128,0.2,777,1,0,0,0,1000,-10.0,True,True,29.549,game_2025-08-25_18-56-07_julianfernandezrandomagent.json
simple_reflex,128x128,0.2,777,1,0,0,0,1000,-10.0,True,True,29.662,game_2025-08-25_18-56-41_julianfernandezrandomagent.json
random,128x128,0.2,888,1,0,0,0,1000,-10.0,True,True,29.418,game_2025-08-25_18-57-15_julianfernandezrandomagent.json
simple_reflex,128x128,0.2,888,1,0,0,0,1000,-10.0,True,True,29.85,game_2025-08-25_18-57-49_julianfernandezrandomagent.json
random,128x128,0.2,999,1,0,0,0,1000,-10.0,True,True,29.423,game_2025-08-25_18-58-23_julianfernandezrandomagent.json
simple_reflex,128x128,0.2,999,1,0,0,0,1000,-10.0,True,True,29.959,game_2025-08-25_18-58-56_julianfernandezrandomagent.json
random,128x128,0.2,0,1,0,0,0,1000,-10.0,True,True,29.332,game_2025-08-25_18-59-31_julianfernandezrandomagent.json
simple_reflex,128x128,0.2,0,1,0,0,0,1000,-10.0,True,True,29.408,game_2025-08-25_19-00-04_julianfernandezrandomagent.json
random,128x128,0.4,111,1,0,0,0,1000,-10.0,True,True,29.627,game_2025-08-25_19-00-38_julianfernandezrandomagent.json
simple_reflex,128x128,0.4,111,1,0,0,0,1000,-10.0,True,True,29.853,game_2025-08-25_19-01-12_julianfernandezrandomagent.json
random,128x128,0.4,222,1,0,0,0,1000,-10.0,True,True,29.813,game_2025-08-25_19-01-47_julianfernandezrandomagent.json
simple_reflex,128x128,0.4,222,1,0,0,0,1000,-10.0,True,True,29.874,game_2025-08-25_19-02-21_julianfernandezrandomagent.json
random,128x128,0.4,333,1,0,0,0,1000,-10.0,True,True,29.678,game_2025-08-25_19-02-55_julianfernandezrandomagent.json
simple_reflex,128x128,0.4,333,1,0,0,0,1000,-10.0,True,True,29.8,game_2025-08-25_19-03-29_julianfernandezrandomagent.json
random,128x128,0.4,444,1,0,0,0,1000,-10.0,True,True,29.7,game_2025-08-25_19-04-03_julianfernandezrandomagent.json
simple_reflex,128x128,0.4,444,1,0,0,0,1000,-10.0,True,True,29.674,game_2025-08-25_19-04-38_julianfernandezrandomagent.json
random,128x128,0.4,555,1,0,0,0,1000,-10.0,True,True,30.312,game_2025-08-25_19-05-12_julianfernandezrandomagent.json
simple_reflex,128x128,0.4,555,1,0,0,0,1000,-10.0,True,True,29.838,game_2025-08-25_19-05-46_julianfernandezrandomagent.json
random,128x128,0.4,666,1,0,0,0,1000,-10.0,True,True,29.651,game_2025-08-25_19-06-21_julianfernandezrandomagent.json
simple_reflex,128x128,0.4,666,1,0,0,0,1000,-10.0,True,True,29.922,game_2025-08-25_19-06-55_julianfernandezrandomagent.json
random,128x128,0.4,777,1,0,0,0,1000,-10.0,True,True,29.762,game_2025-08-25_19-07-29_julianfernandezrandomagent.json
simple_reflex,128x128,0.4,777,1,0,0,0,1000,-10.0,True,True,29.731,game_2025-08-25_19-08-03_julianfernandezrandomagent.json
random,128x128,0.4,888,1,0,0,0,1000,-10.0,True,True,29.698,game_2025-08-25_19-08-37_julianfernandezrandomagent.json
simple_reflex,128x128,0.4,888,1,0,0,0,1000,-10.0,True,True,29.655,game_2025-08-25_19-09-12_julianfernandezrandomagent.json
random,128x128,0.4,999,1,0,0,0,1000,-10.0,True,True,29.722,game_2025-08-25_19-09-46_julianfernandezrandomagent.json
simple_reflex,128x128,0.4,999,1,0,0,0,1000,-10.0,True,True,29.838,game_2025-08-25_19-10-20_julianfernandezrandomagent.json
random,128x128,0.4,0,1,0,0,0,1000,-10.0,True,True,29.833,game_2025-08-25_19-10-54_julianfernandezrandomagent.json
simple_reflex,128x128,0.4,0,1,0,0,0,1000,-10.0,True,True,29.773,game_2025-08-25_19-11-28_julianfernandezrandomagent.json
random,128x128,0.8,111,1,0,0,0,1000,-10.0,True,True,29.597,game_2025-08-25_19-12-02_julianfernandezrandomagent.json
simple_reflex,128x128,0.8,111,1,0,0,0,1000,-10.0,True,True,29.619,game_2025-08-25_19-12-36_julianfernandezrandomagent.json
random,128x128,0.8,222,1,0,0,0,1000,-10.0,True,True,29.691,game_2025-08-25_19-13-10_julianfernandezrandomagent.json
simple_reflex,128x128,0.8,222,1,0,0,0,1000,-10.0,True,True,29.576,game_2025-08-25_19-13-44_julianfernandezrandomagent.json
random,128x128,0.8,333,1,0,0,0,1000,-10.0,True,True,29.644,game_2025-08-25_19-14-18_julianfernandezrandomagent.json
simple_reflex,128x128,0.8,333,1,0,0,0,1000,-10.0,True,True,29.837,game_2025-08-25_19-14-52_julianfernandezrandomagent.json
random,128x128,0.8,444,1,0,0,0,1000,-10.0,True,True,29.876,game_2025-08-25_19-15-26_julianfernandezrandomagent.json
simple_reflex,128x128,0.8,444,1,0,0,0,1000,-10.0,True,True,29.733,game_2025-08-25_19-16-00_julianfernandezrandomagent.json
random,128x128,0.8,555,1,0,0,0,1000,-10.0,True,True,29.639,game_2025-08-25_19-16-34_julianfernandezrandomagent.json
simple_reflex,128x128,0.8,555,1,0,0,0,1000,-10.0,True,True,29.848,game_2025-08-25_19-17-08_julianfernandezrandomagent.json
random,128x128,0.8,666,1,0,0,0,1000,-10.0,True,True,29.77,game_2025-08-25_19-17-43_julianfernandezrandomagent.json
simple_reflex,128x128,0.8,666,1,0,0,0,1000,-10.0,True,True,29.764,game_2025-08-25_19-18-17_julianfernandezrandomagent.json
random,128x128,0.8,777,1,0,0,0,1000,-10.0,True,True,29.719,game_2025-08-25_19-18-51_julianfernandezrandomagent.json
simple_reflex,128x128,0.8,777,1,0,0,0,1000,-10.0,True,True,29.549,game_2025-08-25_19-19-25_julianfernandezrandomagent.json
random,128x128,0.8,888,1,0,0,0,1000,-10.0,True,True,29.603,game_2025-08-25_19-19-59_julianfernandezrandomagent.json
simple_reflex,128x128,0.8,888,1,0,0,0,1000,-10.0,True,True,29.675,game_2025-08-25_19-20-33_julianfernandezrandomagent.json
random,128x128,0.8,999,1,0,0,0,1000,-10.0,True,True,29.762,game_2025-08-25_19-21-07_julianfernandezrandomagent.json
simple_reflex,128x128,0.8,999,1,0,0,0,1000,-10.0,True,True,29.744,game_2025-08-25_19-21-41_julianfernandezrandomagent.json
random,128x128,0.8,0,1,0,0,0,1000,-10.0,True,True,29.678,game_2025-08-25_19-22-15_julianfernandezrandomagent.json
simple_reflex,128x128,0.8,0,1,0,0,0,1000,-10.0,True,True,29.761,game_2025-08-25_19-22-49_julianfernandezrandomagent.json
